"","Df","Variance","F","Pr(>F)"
"Model",19,1076.48310481075,4.3809596161115,0.001
"Residual",156,2017.47873412181,NA,NA
