"","Df","Variance","F","Pr(>F)"
"Model",2,35.6841377218007,1.37962432774392,0.001
"Residual",156,2017.47873412181,NA,NA
