"","Df","Variance","F","Pr(>F)"
"Model",3,192.762965260988,4.96841628317562,0.001
"Residual",156,2017.47873412181,NA,NA
