"","Df","Variance","F","Pr(>F)"
"Model",14,343.406406861926,1.89668841058192,0.001
"Residual",156,2017.47873412181,NA,NA
