"","Df","Variance","F","Pr(>F)"
"Model",19,1066.6859762132,4.32010928529188,0.001
"Residual",156,2027.27586271936,NA,NA
