"","r.squared","adj.r.squared"
"1",0.344763779174863,0.264959367664109
