"","r.squared","adj.r.squared"
"1",0.253359011107224,0.222248969903358
