"","r.squared","adj.r.squared"
"1",0.347930310989919,0.268511566815614
