"","r.squared","adj.r.squared"
"1",0.0115334770043938,0.00351507347721625
