"","r.squared","adj.r.squared"
"1",0.0623029550123644,0.0547707662113875
