"","r.squared","adj.r.squared"
"1",0.110992450695644,0.0540167106303312
